{
    "uvs":[[0,0,1,0,1,1,0,1]],
    "vertices":[0.088388,-0.150888,-0.025888,-0.088388,-0.025888,-0.150888,0.088388,0.025888,0.150888,-0.088388,0.150888,0.025888,-0.088388,-0.150888,-0.025888,0.088388,-0.025888,-0.150888,-0.088388,0.025888,0.150888,0.088388,0.150888,0.025888,-0.176777,-0,-0,0,0.125,-0.125,-0,-0.125,0.125,0.176777,0,0],
    "metadata":{
        "version":3,
        "uvs":1,
        "type":"Geometry",
        "faces":3,
        "generator":"io_three",
        "normals":3,
        "vertices":12
    },
    "name":"Plane.001Geometry",
    "faces":[41,0,1,3,2,0,1,2,3,0,0,0,0,41,4,5,7,6,0,1,2,3,1,1,1,1,41,8,9,11,10,0,1,2,3,2,2,2,2],
    "normals":[0.707107,-0.5,-0.5,0.707107,0.5,0.5,0,-0.707107,0.707107]
}